Name,TN,TP,FN,FP,Precision,Recall,F1_score
RN,440724,101455,40910,40800,0.713191,0.71264,0.712915
NTL,445168,100937,41428,36356,0.735194,0.709002,0.72186
POI,457852,101241,41124,23672,0.810492,0.711137,0.757571
RN_NTL_POI,451930,113658,28707,29594,0.793413,0.798356,0.795877
